1,Barclays,711-2880 Nulla St.,3
2,Boeing,P.O. Box 283 8562 Fusce Rd.,3
3,Bose,606-3727 Ullamcorper. Street,2
4,Caterpillar,7292 Dictum Av. San Antonio MI 47096,6
5,ExxonMobil,Ap #651-8679 Sodales Av. Tamuning PA 10855,1
6,Georgetown University,191-103 Integer Rd. Corona New Mexico 08219,10
7,Hewlett Packard,P.O. Box 887 2508 Dolor. Av. Muskegon KY 12482,1
8,Lockheed Martin,511-5762 At Rd. Chelsea MI 67708,5
9,McKesson,935-9940 Tortor. Street Santa Rosa MN 98804,1
10,Oracle,P.O. Box 929 4189 Nunc Road Lebanon KY 69409,4
